cell_id,city,lat,lon,hospitals_count,schools_count,supermarkets_count,parks_count,banks_count,restaurants_count,distance_to_cbd_km,nearest_hospital_km,nearest_school_km,nearest_park_km
896a3b202844098e,Quito,-0.138101,-78.573998,0,4,0,3,0,4,12.467,5.373,0.349,0.233
888df8f602b97e89,Quito,-0.076813,-78.375944,1,0,0,4,0,4,15.525,0.089,5.158,0.483
858ae4a921d54fd7,Quito,-0.448267,-78.600218,0,1,1,3,0,0,33.158,10.592,0.188,0.311
8d71604967ed7363,Quito,-0.162422,-78.501624,0,8,1,1,0,14,4.023,3.08,0.311,0.206
8973a7360e21ac03,Quito,-0.18231,-78.555304,1,4,3,3,0,10,9.489,0.462,0.154,0.067
8fe41220626d51ab,Quito,-0.059083,-78.392221,0,3,1,3,0,10,15.987,5.257,0.386,0.168
83bb03c200b56681,Quito,-0.170921,-78.357276,1,2,0,3,2,1,12.575,0.153,0.109,0.355
85f64ca0bc616e5e,Quito,-0.115717,-78.555929,0,3,3,3,0,5,11.933,4.958,0.098,0.113
8a4edd45e0c6eee5,Quito,-0.129297,-78.565888,0,6,0,6,0,6,12.061,5.187,0.417,0.097
80afc424b91f5423,Quito,-0.059213,-78.474993,0,3,0,3,0,1,13.442,4.63,0.074,0.316
8ff0cd7f6e209648,Quito,-0.205419,-78.538093,1,4,1,3,0,9,8.082,0.401,0.339,0.401
820b14486faca8e1,Quito,-0.011901,-78.485453,0,3,0,3,0,2,18.771,6.488,0.221,0.359
8a0b22bae27a1dac,Quito,-0.238895,-78.505213,0,9,2,3,0,12,7.63,3.637,0.127,0.304
8f360310408edeba,Quito,-0.106807,-78.433456,1,6,0,2,2,8,9.097,0.222,0.378,0.299
844b0bb4128f8ed6,Quito,-0.123249,-78.426918,2,7,2,4,0,11,7.923,0.454,0.063,0.158
8ab1c0f793b2b912,Quito,0.1,-78.510642,0,1,1,1,0,2,31.461,11.182,0.076,0.41
863594b6f5b45391,Quito,-0.250433,-78.551377,2,1,0,3,1,6,11.967,0.327,0.069,0.448
89a8d5607893e138,Quito,-0.095303,-78.357103,0,1,0,5,1,6,15.694,5.814,0.104,0.11
80d08aed7604a749,Quito,-0.195668,-78.554016,0,4,1,2,0,11,9.503,3.764,0.281,0.382
82e6734fdac68b9d,Quito,-0.293366,-78.404941,2,4,0,2,0,4,14.534,0.422,0.435,0.218
8953a9b58b8d6117,Quito,-0.077803,-78.415685,0,2,3,4,0,8,12.869,4.923,0.227,0.086
807b3db16f7a4451,Quito,-0.271508,-78.446784,1,2,1,2,1,7,10.498,0.215,0.293,0.202
82e0aec4384893df,Quito,-0.163956,-78.448131,4,7,4,0,3,17,3.016,0.492,0.329,2.017
8fb87cf96c9c700b,Quito,-0.060179,-78.44764,2,4,1,7,0,7,13.554,0.3,0.411,0.466
836f5b5e14ba9744,Quito,-0.086649,-78.463242,1,1,0,6,0,4,10.407,0.063,0.231,0.453
8ab9985fb3cfa455,Quito,-0.140246,-78.406871,1,6,2,5,0,9,8.295,0.141,0.058,0.254
85b057ea969496e6,Quito,-0.380359,-78.501967,0,1,2,4,0,3,22.561,7.479,0.195,0.12
896bcf7266886fa4,Quito,-0.244676,-78.533888,1,9,1,3,0,3,10.109,0.161,0.079,0.255
8bb70df7e5f195f0,Quito,-0.217832,-78.320506,0,1,0,1,0,2,17.147,6.152,0.051,0.1
88811249ab058255,Quito,-0.299052,-78.373172,1,2,1,3,0,4,17.064,0.257,0.37,0.118
8edc9e054df8af4c,Guayaquil,-2.121985,-79.936421,2,5,4,3,2,13,5.642,0.305,0.391,0.493
8009b15e27d12109,Guayaquil,-2.145662,-79.906165,2,7,5,4,4,18,3.112,0.142,0.385,0.06
8f091d70f76162f1,Guayaquil,-2.101945,-79.849387,1,5,3,2,0,5,10.901,0.389,0.446,0.175
884e12e1319e2418,Guayaquil,-2.3,-80.1,0,0,0,2,0,3,24.677,8.132,8.204,0.394
889d500d900b2f08,Guayaquil,-2.082347,-79.816074,4,0,0,2,1,3,15.111,0.433,5.827,0.381
8769f8e8e36a94ff,Guayaquil,-2.259305,-80.082736,0,1,2,3,0,2,20.629,7.254,0.16,0.37
8398c1fdb15a5737,Guayaquil,-2.161334,-79.838552,2,3,5,2,0,7,9.101,0.104,0.463,0.195
8a7131ee27ef37a9,Guayaquil,-2.01271,-79.874824,0,2,0,6,0,5,18.196,7.329,0.247,0.338
88a6cb0a308c12fa,Guayaquil,-2.202525,-79.998149,0,2,1,2,1,10,9.406,3.886,0.452,0.387
84ce7e99ea607964,Guayaquil,-2.168998,-79.946186,3,11,2,3,1,12,2.912,0.108,0.174,0.112
833839799374427b,Guayaquil,-2.258818,-79.75,0,2,0,7,0,0,21.315,7.375,0.444,0.325
8036165c0c656d05,Guayaquil,-2.013798,-79.820596,0,3,0,9,0,2,20.584,6.967,0.166,0.314
85921d827fd1e015,Guayaquil,-2.250574,-79.845186,0,3,0,3,1,8,12.222,4.201,0.406,0.172
8d61280ebcee40e7,Guayaquil,-2.114033,-79.881277,2,5,4,4,0,13,7.566,0.119,0.29,0.08
8214d56af1d6dceb,Guayaquil,-2.060654,-79.864405,0,0,2,3,1,5,13.638,5.67,5.249,0.388
80bba4844448748c,Guayaquil,-2.105249,-79.864271,0,2,1,1,0,11,9.497,4.264,0.18,0.381
88be4b1c4c68ec53,Guayaquil,-2.140181,-80.076066,0,3,0,5,0,3,17.656,6.556,0.354,0.08
8bd55391d07c990f,Guayaquil,-2.162683,-79.968667,0,6,2,3,0,8,5.468,2.24,0.111,0.437
814a6948674a1bb3,Guayaquil,-2.281986,-79.772841,0,1,0,5,0,1,20.553,6.673,0.434,0.389
8af0c602a9891ea7,Guayaquil,-2.018713,-79.801068,0,2,0,6,0,3,21.393,6.936,0.194,0.137
8b1fcfac614206b4,Guayaquil,-2.147669,-79.80182,0,4,3,4,0,3,13.364,4.592,0.375,0.225
85b0e7e8cd78d38e,Guayaquil,-2.168945,-79.902255,2,9,0,0,2,19,1.975,0.273,0.26,0.902
8371db8d30cf2bda,Guayaquil,-2.265679,-79.885263,1,4,3,5,0,8,11.317,0.408,0.427,0.178
85180ba49a2e67a4,Guayaquil,-2.164716,-80.033982,0,1,1,3,0,3,12.679,4.341,0.135,0.205
8a1b13b83b453347,Guayaquil,-2.17448,-79.926976,2,8,5,1,3,23,0.921,0.291,0.462,0.305
